ID,Name,Glottocode,Glottolog_Name,ISO639P3code,Macroarea,Latitude,Longitude,Family
abaga,Abaga,abag1245,,abg,,,,
abau,Abau,abau1245,,aau,,,,
abu-arapesh,Abu' Arapesh,abua1245,,aah,,,,
abui-atimelang,Abui (Atimelang Dialect),atim1239,,abz,,,,
abui-makadai,Abui (Makadai Dialect),abui1241,,abz,,,,
abun,Abun,abun1252,,kgr,,,,
abun-jembun,Abun (Jembun Dialect),abun1252,,kgr,,,,
abun-karon-pantai,Abun (Karon Pantai Dialect),abun1254,,kgr,,,,
abun-senopi,Abun (Senopi Dialect),abun1252,,kgr,,,,
aeka,Aeka,aeka1244,,aez,,,,
aekyom,Aekyom,aeky1238,,awi,,,,
aghu,Aghu,aghu1255,,ahh,,,,
agi,Agi,agii1245,,aif,,,,
agob,Agob,agob1244,,kit,,,,
aheave,Keoru-Ahia (Aheave Dialect),ahea1235,,xeu,,,,
aimele,Aimele,aime1238,,ail,,,,
aisi,Aisi,musa1266,,,,,,
akoye,Akoye,akoy1238,,miw,,,,
alamblak,Alamblak,alam1246,,amp,,,,
alekano,Alekano,alek1238,,gah,,,,
alekano-asaroyufa,Alekano (Asaroyufa Dialect),alek1238,,gah,,,,
alekano-kefamo,Alekano (Kefamo Dialect),alek1238,,gah,,,,
alekano-kotuni,Alekano (Kotuni Dialect),alek1238,,gah,,,,
alekano-notofana,Alekano (Notofana Dialect),alek1238,,gah,,,,
alekano-wanima,Alekano (Wanima Dialect),alek1238,,gah,,,,
alfendio,Alfendio,tape1242,,afp,,,,
alor-baranusa-kabir,Alor (Baranusa Kabir Dialect),alor1247,,aol,,,,
alor-kalabahi,Alor (Kalabahi Dialect),alor1247,,aol,,,,
ama,Ama,amap1240,,amm,,,,
amaimon,Amaimon,amai1246,,ali,,,,
amal,Amal,amal1242,,aad,,,,
ambai,Ambai,amba1265,,amk,,,,
ambai-wadapi-laut,Ambai (Wadapi-Laut Dialect),amba1265,,amk,,,,
ambakich-agurant,Ambakich (Agurant Dialect),amba1269,,aew,,,,
ambakich-arango,Ambakich (Arango Dialect),amba1269,,aew,,,,
ambakich-ombos,Ambakich (Ombos Dialect),amba1269,,aew,,,,
ambakich-pangin,Ambakich (Pangin Dialect),amba1269,,aew,,,,
ambakich-yaut,Ambakich (Yaut Dialect),amba1269,,aew,,,,
ambe-dofo,Yegha (Ambe-Dofo Dialect),kora1294,,kpr,,,,
ambulas,Ambulas,ambu1247,,abt,,,,
amele,Amele,amel1241,,aey,,,,
amol,Amol,amol1235,,alx,,,,
amowe-bere,Amowe (Bere Dialect),dudu1240,,duk,,,,
amowe-gomu,Amowe (Gomu Dialect),dudu1240,,duk,,,,
amowe-tagoe,Amowe (Tagoe Dialect),dudu1240,,duk,,,,
amto,Amto,amto1250,,amt,,,,
anam,Anam,anam1247,,pda,,,,
anamgura,Anamgura,anam1248,,imi,,,,
angaataha,Angaataha,anga1290,,agm,,,,
angal,Angal,anga1293,,age,,,,
angal-enen,Angal Enen,anga1294,,aoe,,,,
angal-heneng,Angal Heneng,anga1292,,akh,,,,
angoram,Angoram,ango1255,,aog,,,,
angoram-kambrindo,Angoram (Kambrindo Dialect),ango1255,,aog,,,,
angoram-kanduanum,Angoram (Kanduanum Dialect),ango1255,,aog,,,,
angoram-karau,Murik (Karau Dialect),muri1260,,mtf,,,,
angoram-magendo,Angoram (Magendo Dialect),ango1255,,aog,,,,
angoram-marbuk,Angoram (Marbuk Dialect),ango1255,,aog,,,,
angoram-wagamut,Murik (Wagamut Dialect),muri1260,,mtf,,,,
anjam,Anjam,anja1238,,boj,,,,
anjam-lalok,Anjam (Lalok Dialect),anja1238,,boj,,,,
ankave,Ankave,anka1246,,aak,,,,
ansus,Ansus,ansu1237,,and,,,,
ap-ma,Ap Ma,apma1241,,kbx,,,,
ap-ma-kambaramba,Ap Ma (Kambaramba Dialect),kamb1306,,kbx,,,,
apali,Apali,apal1256,,ena,,,,
aramo,Pinai-Hagahai (Aramo Dialect),pina1252,,pnn,,,,
arandai,Arandai,aran1237,,jbj,,,,
arandai-barau,Arandai (Barau Dialect),aran1237,,jbj,,,,
arandai-kasuwer,Arandai (Kasuwer Dialect),aran1237,,jbj,,,,
arandai-sebyar,Arandai (Sebyar Dialect),aran1237,,jbj,,,,
arandai-tarof,Arandai (Tarof Dialect),aran1237,,jbj,,,,
arandai-weriagar,Arandai (Weriagar Dialect),aran1237,,jbj,,,,
arawum,Arawum,araw1272,,awm,,,,
ari,Ari,arii1243,,aac,,,,
aruamu,Aruamu,arua1260,,msy,,,,
aruop,Aruop,aruo1240,,lsr,,,,
asaroo,Asaro'o,asar1240,,mtv,,,,
asas,Asas,asas1240,,asd,,,,
asmat-casuarina-coast,"Asmat, Casuarina Coast",casu1237,,asc,,,,
asmat-casuarina-coast-aorket,"Asmat, Casuarina Coast (Aorket Dialect)",casu1237,,asc,,,,
asmat-casuarina-coast-makair,"Asmat, Casuarina Coast (Makair Dialect)",casu1237,,asc,,,,
asmat-casuarina-coast-masin,"Asmat, Casuarina Coast (Masin Dialect)",casu1237,,asc,,,,
asmat-casuarina-coast-mayun,"Asmat, Casuarina Coast (Mayun Dialect)",casu1237,,asc,,,,
asmat-casuarina-coast-nanew,"Asmat, Casuarina Coast (Nanew Dialect)",casu1237,,asc,,,,
asmat-casuarina-coast-otenep,"Asmat, Casuarina Coast (Otenep Dialect)",casu1237,,asc,,,,
asmat-casuarina-coast-piramat,"Asmat, Casuarina Coast (Piramat Dialect)",casu1237,,asc,,,,
asmat-casuarina-coast-pirimapun,"Asmat, Casuarina Coast (Pirimapun Dialect)",casu1237,,asc,,,,
asmat-casuarina-coast-tareo,"Asmat, Casuarina Coast (Tareo Dialect)",casu1237,,asc,,,,
asmat-central,"Asmat, Central",cent2117,,cns,,,,
asmat-central-kainak-ao,"Asmat, Central (Kainak, Ao Dialect)",cent2117,,cns,,,,
asmat-central-kainak-atat,"Asmat, Central (Kainak, Atat Dialect)",cent2117,,cns,,,,
asmat-central-kainak-kapi,"Asmat, Central (Kainak, Kapi Dialect)",cent2117,,cns,,,,
asmat-central-kainak-yamas,"Asmat, Central (Kainak, Yamas Dialect)",cent2117,,cns,,,,
asmat-central-keenakap-awok,"Asmat, Central (Keenakap, Awok Dialect)",cent2117,,cns,,,,
asmat-central-keenakap-fos,"Asmat, Central (Keenakap, Fos Dialect)",cent2117,,cns,,,,
asmat-central-keenakap-kaimo,"Asmat, Central (Keenakap, Kaimo Dialect)",cent2117,,cns,,,,
asmat-central-keenakap-miwar,"Asmat, Central (Keenakap, Miwar Dialect)",cent2117,,cns,,,,
asmat-central-keenakap-namen,"Asmat, Central (Keenakap, Namen Dialect)",cent2117,,cns,,,,
asmat-central-keenakap-yaosakor,"Asmat, Central (Keenakap, Yaosakor Dialect)",cent2117,,cns,,,,
asmat-central-keenok-komar,"Asmat, Central (Keenok, Komar Dialect)",nort2917,,cns,,,,
asmat-central-keenok-manep,"Asmat, Central (Keenok, Manep Dialect)",nort2917,,cns,,,,
asmat-central-keenok-monu,"Asmat, Central (Keenok, Monu Dialect)",nort2917,,cns,,,,
asmat-central-keenok-mu-akani,"Asmat, Central (Keenok, Mu-Akani Dialect)",nort2917,,cns,,,,
asmat-central-keenok-sawa-erma,"Asmat, Central (Keenok, Sawa-Erma Dialect)",nort2917,,cns,,,,
asmat-central-keenok-yipaer,"Asmat, Central (Keenok, Yipaer Dialect)",nort2917,,cns,,,,
asmat-central-mecamup-ac,"Asmat, Central (Mecamup, Ac Dialect)",cent2117,,cns,,,,
asmat-central-mecamup-amanamkai,"Asmat, Central (Mecamup, Amanamkai Dialect)",cent2117,,cns,,,,
asmat-central-mecamup-amisu,"Asmat, Central (Mecamup, Amisu Dialect)",cent2117,,cns,,,,
asmat-central-mecamup-ar-nanim,"Asmat, Central (Mecamup, Ar-Nanim Dialect)",cent2117,,cns,,,,
asmat-central-mecamup-cowew-yamew,"Asmat, Central (Mecamup, Cowew-Yamew Dialect)",cent2117,,cns,,,,
asmat-central-mecamup-kawet,"Asmat, Central (Mecamup, Kawet Dialect)",cent2117,,cns,,,,
asmat-central-mecamup-miwar,"Asmat, Central (Mecamup, Miwar Dialect)",cent2117,,cns,,,,
asmat-central-mecamup-omanesep,"Asmat, Central (Mecamup, Omanesep Dialect)",cent2117,,cns,,,,
asmat-central-mecamup-yow,"Asmat, Central (Mecamup, Yow Dialect)",cent2117,,cns,,,,
asmat-central-mine,"Asmat, Central (Mine Dialect)",cent2117,,cns,,,,
asmat-central-mismam-per,"Asmat, Central (Mismam, Per Dialect)",mism1239,,cns,,,,
asmat-central-mismam-suru,"Asmat, Central (Mismam, Suru Dialect)",mism1239,,cns,,,,
asmat-central-mismam-uwus,"Asmat, Central (Mismam, Uwus Dialect)",mism1239,,cns,,,,
asmat-central-mismam-yepem,"Asmat, Central (Mismam, Yepem Dialect)",mism1239,,cns,,,,
asmat-central-misman-meriten,"Asmat, Central (Misman, Meriten Dialect)",mism1239,,cns,,,,
asmat-central-simai-ayam,"Asmat, Central (Simai, Ayam Dialect)",ajam1240,,cns,,,,
asmat-central-sokoni,"Asmat, Central (Sokoni Dialect)",cent2117,,cns,,,,
asmat-central-wooi,"Asmat, Central (Wooi Dialect)",cent2117,,cns,,,,
asmat-central-yinak,"Asmat, Central (Yinak Dialect)",cent2117,,cns,,,,
asmat-north,"Asmat, North",nort2917,,nks,,,,
asmat-north-irogo,"Asmat, North (Irogo Dialect)",nort2917,,nks,,,,
asmat-north-momogo,"Asmat, North (Momogo Dialect)",nort2917,,nks,,,,
asmat-north-pupis,"Asmat, North (Pupis Dialect)",nort2917,,nks,,,,
asmat-north-ti,"Asmat, North (Ti Dialect)",nort2917,,nks,,,,
asmat-north-weyo,"Asmat, North (Weyo Dialect)",nort2917,,nks,,,,
asmat-yaosakor,"Asmat, Yaosakor",yaos1235,,asy,,,,
atemble,Atemble,atem1241,,ate,,,,
atohwaim,Atohwaim,atoh1238,,aqm,,,,
au,Au,auuu1241,,avt,,,,
awa,Awa,awap1236,,awb,,,,
awar,Awar,awar1249,,aya,,,,
awara,Awara,awar1248,,awx,,,,
awera,Awera,awer1241,,awr,,,,
awiyaana,Awiyaana,awiy1238,,auy,,,,
awtuw,Awtuw,awtu1239,,kmn,,,,
awyi,Awyi,awyi1241,,auw,,,,
awyu-asue,"Awyu, Asue",asue1235,,psa,,,,
awyu-central-busiri,"Awyu, Central (Busiri Dialect)",cent2118,,awu,,,,
awyu-central-ketah,"Awyu, Central (Ketah Dialect)",cent2118,,awu,,,,
awyu-central-nohon,"Awyu, Central (Nohon Dialect)",cent2118,,awu,,,,
awyu-central-taim,"Awyu, Central (Taim Dialect)",cent2118,,awu,,,,
awyu-south,"Awyu, South (Syiagha Dialect)",sout2941,,aws,,,,
bagupi,Bagupi,bagu1252,,bpi,,,,
baham,Baham,baha1258,,bdw,,,,
bahasa-indonesia,Bahasa Indonesia,indo1316,,ind,,,,
bahinemo,Bahinemo,bahi1254,,bjh,,,,
baimak,Baimak,baim1245,,bmx,,,,
bamu,Bamu,bamu1257,,bcf,,,,
bamu-pirupiru,Bamu (Pirupiru Dialect),bamu1257,,bcf,,,,
bamu-sisiame,Bamu (Sisiame Dialect),sisi1249,,bcf,,,,
banaro,Banaro,bana1292,,byz,,,,
barapasi,Barapasi,bara1375,,brp,,,,
bareji,Gaina (Bareji Dialect),bare1275,,gcn,,,,
bargam,Bargam,barg1252,,mlp,,,,
bariji,Bariji,bari1290,,bjc,,,,
baruga,Baruga,baru1269,,bjz,,,,
baruga-bareji,Baruga (Bareji Dialect),bare1274,,bjz,,,,
baruga-mado,Baruga (Mado Dialect),mado1239,,bjz,,,,
baruga-tafota,Baruga (Tafota Dialect),tafo1238,,bjz,,,,
baruya,Baruya,baru1267,,byr,,,,
bau,Bau,bauu1244,,bbd,,,,
bauwaki,Bauwaki,bauw1240,,bwk,,,,
bauzi,Bauzi,bauz1241,,bvz,,,,
beami,Beami,beam1240,,beo,,,,
beli,Beli,beli1258,,bey,,,,
benabena,Benabena,bena1264,,bef,,,,
beneraf,Beneraf,bone1255,,bnv,,,,
bepour,Bepour,bepo1240,,bie,,,,
berik,Berik,beri1254,,bkl,,,,
berinomo,Berinomo,beri1253,,bit,,,,
biak,Biak,biak1248,,bhw,,,,
biami,Biami,beam1240,,beo,,,,
bikaru,Bikaru,pika1238,,bic,,,,
bilakura,Bilakura,bila1257,,bql,,,,
bimin,Bimin,bimi1240,,bhl,,,,
bimin-akalu,Bimin (Akalu Dialect),bimi1240,,bhl,,,,
bimin-fagobiw,Bimin (Fagobiw Dialect),bimi1240,,bhl,,,,
bimin-sengen,Bimin (Sengen Dialect),bimi1240,,bhl,,,,
binahari,Binahari,bina1275,,bxz,,,,
binandere,Binandere,bina1278,,bhg,,,,
binandere-ambasi,Binandere (Ambasi Dialect),amba1268,,bhg,,,,
bine,Bine,bine1240,,bon,,,,
bine-boze,Bine (Boze Dialect),boze1239,,bon,,,,
bine-drageli,Bine (Drageli Dialect),irup1239,,bon,,,,
bine-giringarede,Bine (Giringarede Dialect),boze1239,,bon,,,,
bine-irupi,Bine (Irupi Dialect),irup1239,,bon,,,,
bine-kunini,Bine (Kunini Dialect),kuni1264,,bon,,,,
bine-masingle,Bine (Masingle Dialect),masi1270,,bon,,,,
bine-sebe,Bine (Sebe Dialect),sebe1243,,bon,,,,
bine-sogal,Bine (Sogal Dialect),soga1243,,bon,,,,
bine-tati,Bine (Täti Dialect),tate1244,,bon,,,,
binumarien,Binumarien,binu1245,,bjr,,,,
biritai,Biritai,biri1259,,bqq,,,,
bisis,Bisis,bisi1244,,bnw,,,,
bisorio,Bisorio,biso1243,,bir,,,,
bisorio-iniai,Bisorio (Iniai Dialect),biso1243,,bir,,,,
biwat,Biwat,biwa1243,,bwm,,,,
biyom,Biyom,biyo1244,,bpm,,,,
blagar-apuri-on-pura,Blagar (Apuri On Pura Dialect),apur1252,,beu,,,,
blagar-bakalang,Blagar (Bakalang Dialect),baka1276,,beu,,,,
blagar-limarahing-on-pura,Blagar (Limarahing On Pura Dialect),lima1248,,beu,,,,
blagar-retta-on-pura,Blagar (Retta On Pura Dialect),blag1240,,beu,,,,
blagar-retta-on-ternate,Blagar (Retta On Ternate Dialect),blag1240,,beu,,,,
blagar-terewent,Blagar (Terewent Dialect),blag1240,,beu,,,,
bo,Bo,bopa1235,,bpw,,,,
boazi,Kuni-Boazi (Boazi Dialect),kuni1265,,kvg,,,,
bogaya,Bogaya,boga1247,,boq,,,,
boikin,Boikin,boik1241,,bzf,,,,
bonggo,Bonggo,bong1287,,bpg,,,,
bongu,Bongu,bong1291,,bpu,,,,
bonkiman,Bonkiman,bonk1244,,bop,,,,
borong,Borong,boro1279,,ksr,,,,
bosavi,Kaluli (Bosavi Dialect),kalu1248,,bco,,,,
bosmun,Bosmun,bosn1248,,bqs,,,,
brem,Brem,brem1238,,buq,,,,
bukiyip,Bukiyip,buki1249,,ape,,,,
buna,Buna,buna1278,,bfn,,,,
burmeso,Burmeso,burm1264,,bzu,,,,
burui,Burui,buru1309,,bry,,,,
burum,Somba-Siawari (Burum Dialect),buru1306,,bmu,,,,
buruwai,Buruwai,buru1308,,asi,,,,
busami,Busami,busa1254,,bsm,,,,
chambri,Chambri,cham1313,,can,,,,
chambri-kilimbit,Chambri (Kilimbit Dialect),cham1313,,can,,,,
chenapian,Chenapian,chen1259,,cjn,,,,
citak,Citak,cita1245,,txt,,,,
citak-brazza-river,Citak (Brazza River Dialect),cita1245,,txt,,,,
citak-citak-senggo,"Citak (Citak, Senggo Dialect)",seng1282,,txt,,,,
citak-upper-sirec,Citak (Upper Sirec Dialect),cita1245,,txt,,,,
dadibi,Dadibi,dadi1250,,mps,,,,
daga,Daga,daga1275,,dgz,,,,
dahating,Gwahatike (Dahating Dialect),gwah1244,,dah,,,,
damal,Damal,dama1272,,uhn,,,,
danaru,Danaru,dana1254,,dnr,,,,
dani-lower-grand-valley,"Dani, Lower Grand Valley",lowe1415,,dni,,,,
dani-lower-grand-valley-hitigima,"Dani, Lower Grand Valley (Hitigima Dialect)",lowe1416,,dni,,,,
dani-lower-grand-valley-tangma,"Dani, Lower Grand Valley (Tangma Dialect)",lowe1415,,dni,,,,
dani-mid-grand-valley,"Dani, Mid Grand Valley",midg1235,,dnt,,,,
dani-upper-grand-valley,"Dani, Upper Grand Valley",uppe1430,,dna,,,,
dani-western,"Dani, Western",west2594,,dnw,,,,
dano-asaro,Dano (Asaro Dialect),dano1240,,aso,,,,
dedua,Dedua,dedu1240,,ded,,,,
degenan,Degenan,dege1247,,dge,,,,
dem,Dem,demm1245,,dem,,,,
demisa,Demisa,demi1242,,dei,,,,
dera,Dera,dera1245,,kbv,,,,
dera-amgotro,Dera (Amgotro Dialect),dera1245,,kbv,,,,
dera-monggowar,Dera (Moŋgowar Dialect),dera1245,,kbv,,,,
dia,Dia,diaa1238,,dia,,,,
dibiyaso,Dibiyaso,dibi1240,,dby,,,,
diebroud-dabra,Diebroud (Dabra Dialect),tawo1244,,tbp,,,,
diebroud-taworta,Diebroud (Taworta Dialect),tawo1244,,tbp,,,,
dima,Dima,dima1252,,jma,,,,
dineor,Dineor,mare1261,,mrx,,,,
doghoro,Doghoro,dogh1241,,dgx,,,,
domung,Domung,domu1246,,dev,,,,
doromu-aramaika,Doromu-Koki (Aramaika Dialect),doro1266,,kqc,,,,
doromu-bareika,Doromu-Koki (Bareika Dialect),doro1266,,kqc,,,,
doromu-lofaika,Doromu-Koki (Lofaika Dialect),doro1266,,kqc,,,,
doso,Doso,doso1239,,dol,,,,
doutai,Doutai,dout1240,,tds,,,,
duna,Duna,duna1248,,duc,,,,
duriankere,Duriankere,duri1243,,dbn,,,,
dusner,Dusner,dusn1237,,dsn,,,,
duvle,Duvle,duvl1242,,duv,,,,
east-kewa,East Kewa,east2516,,kjs,,,,
edolo,Edolo,edol1239,,etr,,,,
edopi,Edopi,edop1238,,dbf,,,,
eipomek,Eipomek,eipo1242,,eip,,,,
ekari,Ekari,ekar1243,,ekg,,,,
ekari-paniai-lake,Ekari (Paniai Lake Dialect),ekar1243,,ekg,,,,
elkei,Elkei,elke1240,,elk,,,,
elseng,Elseng,else1239,,mrf,,,,
emem,Emem,emum1240,,enr,,,,
enga,Enga,enga1252,,enq,,,,
enga-laiagam,Enga (Laiagam Dialect),laia1242,,enq,,,,
enga-lapalama,Enga (Lapalama Dialect),lapa1247,,enq,,,,
enga-sari,Enga (Sari Dialect),sari1248,,enq,,,,
enga-wapi,Enga (Wapi Dialect),enga1252,,enq,,,,
erave,Erave,erav1244,,kjy,,,,
eritai,Eritai,erit1239,,ert,,,,
ese,Ese,esee1247,,mcq,,,,
ewage-notu,Ewage-Notu,ewag1241,,nou,,,,
faita,Faita,fait1240,,faj,,,,
faiwol,Faiwol (Kauwol Dialect),faiw1243,,fai,,,,
faiwol-dimtikin,Faiwol (Dimtikin Dialect),faiw1243,,fai,,,,
faiwol-lowbip,Faiwol (Lowbip Dialect),faiw1243,,fai,,,,
faiwol-selbang,Faiwol (Selbang Dialect),faiw1243,,fai,,,,
fasu,Fasu,fasu1242,,faa,,,,
fataluku,Fataluku,fata1247,,ddg,,,,
fayu,Fayu,fayu1238,,fau,,,,
fayu-sehudate,Fayu (Sehudate Dialect),fayu1238,,fau,,,,
fembe,Fembe,femb1238,,agl,,,,
finongan,Finongan,fino1238,,fag,,,,
foau,Foau,foau1240,,flh,,,,
foi,Foi,foii1241,,foi,,,,
folopa-boro,Folopa (Bɔro Dialect),boro1278,,ppo,,,,
folopa-sopese,Folopa (Sopese Dialect),sope1239,,ppo,,,,
folopa-suri,Folopa (Suri Dialect),suri1271,,ppo,,,,
fore,Fore,fore1270,,for,,,,
fuyug,Fuyug,fuyu1242,,fuy,,,,
gadsup,Gadsup,gads1258,,gaj,,,,
gaikundi,Gaikundi,gaik1242,,gbf,,,,
gaina,Gaina,gain1243,,gcn,,,,
gal,Gal,gall1278,,gap,,,,
ganglau,Ganglau,gang1270,,ggl,,,,
garus,Garus,garu1246,,gyb,,,,
gavak,Gavak,dimi1244,,dmc,,,,
gena,Gaina (Gena Dialect),gain1243,,gcn,,,,
gende,Gende,gend1249,,gaf,,,,
gimi,Gimi,gimi1243,,gim,,,,
girawa,Girawa,gira1247,,bbr,,,,
gizra-kupere,Gizra (Kupere Dialect),gizr1240,,tof,,,,
gizra-togo,Gizra (Togo Dialect),gizr1240,,tof,,,,
gizra-waidoro,Gizra (Waidoro Dialect),waid1239,,tof,,,,
gizrra,Gizrra,gizr1240,,tof,,,,
gobasi,Gobasi,goba1246,,goi,,,,
gobasi-bibo,Gobasi (Bibo Dialect),goba1246,,goi,,,,
gobasi-honibo,Gobasi (Honibo Dialect),honi1245,,goi,,,,
gobasi-oibae,Gobasi (Oibae Dialect),oiba1238,,goi,,,,
gogodala,Gogodala,gogo1265,,ggw,,,,
grass-koiari,Grass Koiari,gras1249,,kbk,,,,
gresi,Gresi,gres1240,,grs,,,,
guhu-samane,Guhu-Samane,guhu1244,,ghs,,,,
guhu-samane-tahari,Guhu-Samane (Tahari Dialect),guhu1244,,ghs,,,,
gumalu,Gumalu,guma1255,,gmu,,,,
gusan,Gusan,gusa1246,,gsn,,,,
hamtai,Hamtai,hamt1247,,hmt,,,,
haruai,Haruai,haru1245,,tmd,,,,
hatam,Hatam,hata1243,,had,,,,
hatam-borai,Hatam (Borai Dialect),hata1243,,had,,,,
heyo,Heyo,heyo1240,,auk,,,,
hiri-motu,Hiri Motu,hiri1237,,hmo,,,,
hua,Yagaria (Hua Dialect),huaa1250,,ygr,,,,
hula,Hula,hula1239,,hul,,,,
huli,Huli,huli1244,,hui,,,,
humene,Humene,hume1246,,huf,,,,
hunjara-kaina-ke,Hunjara-Kaina Ke,hunj1241,,hkk,,,,
hunjara-kaina-ke-kokoda,Hunjara-Kaina Ke (Kokoda Dialect),hunj1241,,hkk,,,,
iatmul,Iatmul,iatm1242,,ian,,,,
iatmul-brugnowi,Iatmul (Brugnowi Dialect),iatm1242,,ian,,,,
iatmul-kanganaman,Iatmul (Kanganaman Dialect),iatm1242,,ian,,,,
iatmul-korogo,Iatmul (Korogo Dialect),iatm1242,,ian,,,,
iatmul-sawos,Iatmul (Sawos Dialect),iatm1242,,ian,,,,
iatmul-tambanam,Iatmul (Tambanam Dialect),iatm1242,,ian,,,,
iau,Iau,iauu1242,,tmu,,,,
iha,Iha,ihaa1241,,ihp,,,,
ikobi-mena,Ikobi-Mena,mena1240,,meb,,,,
indonesian,Indonesian,indo1316,,ind,,,,
inoke-yate,Inoke-Yate,inok1238,,ino,,,,
ipiko,Ipiko,ipik1244,,ipo,,,,
ipili,Ipili,ipil1240,,ipi,,,,
irarutu,Irarutu,irar1238,,irh,,,,
irumu,Tuma-Irumu (Irumu Dialect),tuma1250,,iou,,,,
isabi,Isabi,isab1240,,isa,,,,
isebe,Isebe,iseb1246,,igo,,,,
isirawa,Isirawa,isir1237,,srl,,,,
iteri,Iteri,iter1241,,itr,,,,
iteri-rocky-peak,Iteri (Rocky Peak Dialect),iter1241,,itr,,,,
itik,Itik,itik1240,,itx,,,,
iwam,Iwam,iwam1256,,iwm,,,,
iyo,Iyo,iyoo1238,,nca,,,,
jilim,Jilim,jili1241,,jil,,,,
kabola-aimoli,Kabola (Aimoli Dialect),kabo1247,,klz,,,,
kabola-hamap,Kabola (Hamap Dialect),kabo1247,,klz,,,,
kabola-pitumbang,Kabola (Pitumbang Dialect),pint1252,,klz,,,,
kafoa,Kafoa,kafo1240,,kpu,,,,
kais,Kais,kais1235,,kzm,,,,
kaiy,Kaiy,kaiy1239,,tcq,,,,
kaki-ae,Kaki Ae,kaki1249,,tbd,,,,
kalabra,Kalabra,kala1256,,kzz,,,,
kalam,Kalam,kala1397,,kmh,,,,
kaluli,Kaluli,kalu1248,,bco,,,,
kamang,Kamang,kama1365,,woi,,,,
kamang-kolomane,Kamang (Kolomane Dialect),kama1365,,woi,,,,
kamang-langkuru,Kamang (Langkuru Dialect),kama1365,,woi,,,,
kamang-letley,Kamang (Letley Dialect),kama1365,,woi,,,,
kamang-pido-1,Kamang (Pido 1 Dialect),kama1365,,woi,,,,
kamang-pido-2,Kamang (Pido 2 Dialect),kama1365,,woi,,,,
kamano,Kamano,kama1370,,kbq,,,,
kamasa,Kamasa,kama1360,,klp,,,,
kambaira,Kambaira,kamb1303,,kyy,,,,
kamberau,Kamberau,kamb1302,,irx,,,,
kamoro,Kamoro,kamo1255,,kgq,,,,
kamula,Kamula,kamu1260,,xla,,,,
kanggape,Kanggape,kang1291,,igm,,,,
kanum,Kanum,ngka1235,,kcd,,,,
kapauri,Kapauri,kapo1250,,khp,,,,
kapriman,Kapriman,kapr1245,,dju,,,,
karas,Karas,kara1499,,kgv,,,,
karawa,Karawa,kara1495,,xrw,,,,
kare,Kare,kare1341,,kmf,,,,
karon-dori,Karon Dori,karo1303,,kgw,,,,
karoto,Gaina (Karoto Dialect),gain1243,,gcn,,,,
kasua,Kasua,kasu1251,,khs,,,,
kate,Kâte,kate1253,,kmg,,,,
kaure,Kaure,kaur1271,,bpp,,,,
kauwera,Kauwera,kauw1242,,xau,,,,
kawacha,Kawacha,kawa1276,,kcb,,,,
kayagar,Kayagar,kaya1328,,kyt,,,,
kayan,Kayan,kaia1245,,kct,,,,
kein,Kein,kein1239,,bmh,,,,
kemberano,Kemberano,kemb1235,,bzp,,,,
kemtuik,Kemtuik,kemt1242,,kmt,,,,
keoru-ahia,Keoru-Ahia,keor1235,,xeu,,,,
keraki,Nambu (Keraki Dialect),namb1293,,ncm,,,,
kerewo,Kerewo,kere1286,,kxz,,,,
kesawai,Kesawai,kesa1244,,xes,,,,
ketengban,Ketengban,kete1254,,xte,,,,
keuw,Keuw,kehu1238,,khh,,,,
kibiri,Kibiri,kibi1239,,prm,,,,
kimaghima,Kimaghima,kima1246,,kig,,,,
kinalakna,Kinalakna,kina1251,,kco,,,,
kire,Kire,kire1240,,geb,,,,
kirikiri,Kirikiri,kiri1256,,kiy,,,,
kirikiri-faia,Kirikiri (Faia Dialect),faia1238,,kiy,,,,
klon,Klon,kelo1247,,kyo,,,,
klon-halerman,Klon (Halerman Dialect),hale1239,,kyo,,,,
klon-probur,Klon (Probur Dialect),prob1239,,kyo,,,,
kobol,Kobol,kobo1248,,kgu,,,,
kobon,Kobon,kobo1249,,kpw,,,,
koitabu,Koitabu,koit1244,,kqi,,,,
kokoda,Kokoda (Tarof Dialect),koko1265,,xod,,,,
kokoda-kasuweri,Kokoda (Kasuweri Dialect),kasu1243,,xod,,,,
kol,Kol,kolp1236,,kol,,,,
komba,Komba,komb1273,,kpf,,,,
komba-anda,Komba (Ândâ River Dialect),komb1273,,kpf,,,,
komba-gwama-north,Komba (Gwama River (North) Dialect),komb1273,,kpf,,,,
komba-gwama-south,Komba (Gwama River (South) Dialect),komb1273,,kpf,,,,
komba-puleng,Komba (Puleng River Dialect),komb1273,,kpf,,,,
kombai,Kombai,komb1274,,tyn,,,,
komyandaret,Komyandaret,komy1238,,kzv,,,,
konai,Konai,kona1242,,kxw,,,,
konda,Konda,kond1303,,knd,,,,
koneraw,Koneraw,kone1241,,kdw,,,,
kopar,Kopar,kopa1248,,xop,,,,
kopar-singarin,Kopar (Singarin Dialect),kopa1248,,xop,,,,
korafe,Yegha (Korafe Dialect),kora1294,,kpr,,,,
korafe-yegha,Korafe,kora1294,,kpr,,,,
korak,Korak,kora1296,,koz,,,,
korapun-sela,Korapun-Sela,koru1245,,kpq,,,,
korowai,Korowai,koro1312,,khe,,,,
kosare,Kosare,kosa1251,,kiq,,,,
kovai,Kovai,kova1243,,kqb,,,,
kowaki,Kowaki,kowa1245,,xow,,,,
kowiai,Kowiai,kowi1239,,kwh,,,,
kube,Kube,kube1244,,kgf,,,,
kubo,Kubo,kubo1242,,jko,,,,
kui,Kui,kuii1253,,kvd,,,,
kui-kiramang,Kui (Kiramang Dialect),kira1248,,kvd,,,,
kuini,Kuni-Boazi (Kuini Dialect),kuni1265,,kvg,,,,
kula,Kula,kula1280,,tpg,,,,
kulsab,Kulsab,fait1240,,,,,,
kuman,Kuman,kuma1280,,kue,,,,
kumdauron,Yau (Kumdauron Dialect),yaum1237,,yuw,,,,
kumukio,Kumukio,kumu1247,,kuo,,,,
kuni-boazi,Kuni-Boazi,kuni1265,,kvg,,,,
kuot,Kuot,kuot1243,,kto,,,,
kurudu,Kurudu,kuru1305,,kjr,,,,
kutong-sakam,Kutong (Sakam Dialect),saka1292,,skm,,,,
kwem,Mandobo Atas (Kwem Dialect),mand1444,,aax,,,,
kwerba,Kwerba,nucl1595,,kwe,,,,
kwerba-airmati,Kwerba (Airmati Dialect),nucl1595,,kwe,,,,
kwerisa,Kwerisa,kwer1264,,kkb,,,,
kwesten,Kwesten,kwes1245,,kwt,,,,
kwoma,Kwoma,kwom1262,,kmo,,,,
kyaimbarang,Kyenele (Kyaimbarang Dialect),kyen1243,,kql,,,,
kyaka,Kyaka,kyak1244,,kyc,,,,
lau,Lau,foii1242,,tmu,,,,
lavukaleve,Lavukaleve,lavu1241,,lvk,,,,
lembena,Lembena,lemb1266,,leq,,,,
lembena-maibi,Lembena (Maibi Dialect),lemb1266,,leq,,,,
lembena-yariba,Lembena (Yariba Dialect),lemb1266,,leq,,,,
lemio,Lemio,lemi1243,,lei,,,,
ma-manda,Ma Manda,sauk1252,,skc,,,,
madi,Madi,madi1261,,grg,,,,
magi-musak,Magɨ,,,,,,,
magobineng,Kâte (Mâgobineng Dialect),mago1249,,kmg,,,,
mai-brat,Mai Brat,maib1239,,ayz,,,,
maia-pila,Maia (Pila Dialect),maia1254,,sks,,,,
maia-saki,Maia (Saki Dialect),maia1254,,sks,,,,
mailu,Mailu,mail1248,,mgu,,,,
mailu-asiaoro,Mailu (Asiaoro Dialect),asia1264,,mgu,,,,
mailu-baibara,Mailu (Baibara Dialect),baib1249,,mgu,,,,
mailu-borebo,Mailu (Borebo Dialect),bore1246,,mgu,,,,
mailu-darava,Mailu (Darava Dialect),dara1252,,mgu,,,,
mailu-delebai,Mailu (Delebai Dialect),dere1243,,mgu,,,,
mailu-domara,Mailu (Domara Dialect),doma1262,,mgu,,,,
mailu-geagea,Mailu (Geagea Dialect),geag1239,,mgu,,,,
mailu-ilai,Mailu (Ilai Dialect),ilai1239,,mgu,,,,
mailu-island,Mailu (Island Dialect),isla1273,,mgu,,,,
mairasi,Mairasi,nucl1594,,zrs,,,,
maiwa,Maiwa,maiw1251,,mti,,,,
makasae,Makasae,maka1316,,mkz,,,,
maklew,Maklew,makl1246,,mgf,,,,
mala,Mala,mala1494,,ped,,,,
malas,Malas,mala1495,,mkr,,,,
male,Male,male1291,,mdc,,,,
mali-arambum,Mali (Arambum Dialect),mali1284,,gcc,,,,
mali-makunga,Mali (Makunga Dialect),mali1284,,gcc,,,,
mamaa,Mamaa,mama1277,,mhf,,,,
manambu,Manambu,mana1298,,mle,,,,
manat,Manat,payn1244,,,,,,
mander,Mander,mand1443,,mqr,,,,
mandobo-atas,Mandobo Atas,mand1444,,aax,,,,
mandobo-atas-yonggom,Mandobo Atas (Yonggom Dialect),mand1444,,aax,,,,
manem,Manem,mane1266,,jet,,,,
manikion,Manikion,mani1235,,mnx,,,,
mape,Mape,mape1249,,mlh,,,,
mape-east,Mape (East Dialect),mape1249,,mlh,,,,
mape-naga,Mape (Naga Dialect),niga1243,,mlh,,,,
mape-west,Mape (West Dialect),mape1249,,mlh,,,,
marangis,Marangis,wata1253,,wax,,,,
marau,Marau,mara1397,,mvr,,,,
maria,Maria,mari1438,,mds,,,,
maria-maiagolo,Maria (Maiagolo Dialect),mari1438,,mds,,,,
maria-maranomu,Maria (Maranomu Dialect),mari1438,,mds,,,,
maria-uderi,Maria (Uderi Dialect),uder1239,,mds,,,,
marind,Marind,nucl1622,,mrz,,,,
marind-bian,"Marind, Bian",bian1251,,bpv,,,,
marind-gawir,Marind (Gawir Dialect),gawi1240,,mrz,,,,
matepi,Matepi,mate1260,,mqe,,,,
mauwake,Mauwake,mauw1238,,mhl,,,,
mawak,Mawak,mawa1266,,mjj,,,,
mawan,Mawan,mawa1267,,mcz,,,,
mawes,Mawes,mawe1251,,mgk,,,,
maya,Ma'ya,maya1282,,slz,,,,
maybrat,Maybrat,maib1239,,ayz,,,,
mbaniata,Mbaniata,touo1238,,tqu,,,,
mbaniata-lokuru,Mbaniata (Lokuru Dialect),bilu1245,,blb,,,,
mbilua,Mbilua,bilu1245,,blb,,,,
mbilua-ndovele,Mbilua (Ndovele Dialect),bilu1245,,blb,,,,
mbore,Mbore,bore1247,,gai,,,,
mehek,Mehek,mehe1243,,nux,,,,
mekwei,Mekwei,mekw1241,,msf,,,,
mena,Mena,mena1240,,meb,,,,
mende,Mende,mend1268,,sim,,,,
menya,Menya,meny1245,,mcr,,,,
mesem,Mesem,mese1244,,mci,,,,
meyah,Meyah,meya1236,,mej,,,,
meyah-akrin,Meyah (Akrin Dialect),meya1236,,mej,,,,
meyah-anason,Meyah (Anason Dialect),meya1236,,mej,,,,
meyah-etskebi,Meyah (Etskebi Dialect),meya1236,,mej,,,,
meyah-miun,Meyah (Miun Dialect),meya1236,,mej,,,,
meyah-mumbrani,Meyah (Mumbrani Dialect),meya1236,,mej,,,,
mian,Mian,mian1256,,mpt,,,,
miani,Miani,mian1254,,pla,,,,
migabac,Migabac,miga1241,,mpp,,,,
migum,Migum,kolo1267,,klm,,,,
minanibai,Minanibai,mina1274,,mcv,,,,
mindik,Somba-Siawari (Mindik Dialect),buru1306,,bmu,,,,
minidien,Minidien,mini1253,,wii,,,,
mitmit,Yau (Mitmit Dialect),yaum1237,,yuw,,,,
miyak,Kyenele (Miyak Dialect),kyen1243,,kql,,,,
mlap,Mlap,mlap1238,,kja,,,,
moere,Moere,moer1240,,mvq,,,,
moi,Moi,moii1235,,mxn,,,,
mokorua,Korafe (Mokorua Dialect),kora1294,,kpr,,,,
molof,Molof,molo1262,,msl,,,,
momare,Momare,moma1243,,msz,,,,
mombum,Mombum,nucl1452,,mso,,,,
momuna,Momuna,momu1241,,mqf,,,,
moni,Moni,moni1261,,mnz,,,,
moni-kemandoga,Moni (Kemandoga Dialect),moni1261,,mnz,,,,
mor,Mor,morb1239,,moq,,,,
mor-austronesian,Mor (Austronesian),morm1235,,mhz,,,,
moraid,Moraid,mora1239,,msg,,,,
morawa,Morawa,mora1273,,mze,,,,
moresada,Moresada,more1258,,msx,,,,
morigi,Morigi,mori1271,,mdb,,,,
morori,Morori,moro1289,,mok,,,,
mosimo,Mosimo,mosi1248,,mqv,,,,
moskona,Moskona,mosk1236,,mtj,,,,
moskona-merdey,Moskona (Merdey Dialect),mosk1236,,mtj,,,,
motu,Motu,motu1246,,meu,,,,
mountain-koiari,Mountain Koiari,moun1252,,kpx,,,,
mpur,Mpur,mpur1239,,akc,,,,
mpur-arfu,Mpur (Arfu Dialect),mpur1239,,akc,,,,
mpur-kebar,Mpur (Kebar Dialect),mpur1239,,akc,,,,
mubami,Mubami,muba1238,,tsx,,,,
mulaha,Mulaha,mula1254,,mfw,,,,
mum,Mum,mumm1238,,kqa,,,,
munggui,Munggui,mung1269,,mth,,,,
mungkip,Mungkip,mung1272,,mpv,,,,
munit,Munit,muni1257,,mtc,,,,
mup,Yau (mup Dialect),yaum1237,,yuw,,,,
muratayak,Muratayak,mura1271,,asx,,,,
murik,Murik,muri1260,,mtf,,,,
murupi,Murupi,muru1273,,mqw,,,,
musak,Musak,musa1266,,mmq,,,,
musar,Musar,musa1265,,mmi,,,,
muyu-north,"Muyu, North",nort2916,,kti,,,,
muyu-south,"Muyu, South",sout2940,,kts,,,,
nabak,Nabak,naba1256,,naf,,,,
nabi,Nabi,nabi1239,,mty,,,,
nafri,Nafri,nafr1241,,nxx,,,,
nagatiman,Nagatiman,yale1246,,nce,,,,
nakai,Nakai,naka1265,,nkj,,,,
nakame,Nakame,naka1264,,nib,,,,
nakame-dzenzen,Nakame (Dzenzen Dialect),naka1264,,nib,,,,
nakame-gufin,Nakame (Gufin Dialect),naka1264,,nib,,,,
nakame-munguleng,Nakame (Munguleng Dialect),naka1264,,nib,,,,
nakame-popof,Nakame (Popof Dialect),naka1264,,nib,,,,
nakame-sikalan,Nakame (Sikalan Dialect),naka1264,,nib,,,,
nakame-sokan,Nakame (Sokan Dialect),naka1264,,nib,,,,
nakame-wasin,Nakame (Wasin Dialect),naka1264,,nib,,,,
nake,Nake,nake1240,,nbk,,,,
nalca,Nalca,nalc1240,,nlc,,,,
namia,Namia,nami1256,,nnm,,,,
namo,Namo,namo1246,,mxw,,,,
namumi,Fasu (Namumi Dialect),fasu1242,,faa,,,,
nangenuwetan,Pinai-Hagahai (Nangenuwetan Dialect),pina1252,,pnn,,,,
nankina,Nankina,nank1250,,nnk,,,,
narau,Narau,kaur1271,,nxu,,,,
ndom,Ndom,ndom1245,,nqm,,,,
nedebang,Nedebang,nede1245,,nec,,,,
nek,Nek,nekk1240,,nif,,,,
nek-goambot,Nek (Goambot Dialect),nekk1240,,nif,,,,
nekgini,Nekgini,nekg1240,,nkg,,,,
neko,Neko,neko1240,,nej,,,,
nend,Nend,nend1239,,anh,,,,
ngaing,Ngaing,ngai1241,,nnf,,,,
ngala,Ngala,ngal1300,,nud,,,,
ngalum,Ngalum,ngal1298,,szb,,,,
nimboran,Nimboran,nucl1633,,nir,,,,
nimi,Nimi,nimi1240,,nis,,,,
nimo,Nimo,nimo1247,,niw,,,,
ninggerum,Ninggerum,ning1274,,nxr,,,,
ningil,Ningil,ning1273,,niz,,,,
nobonob,Nobonob,nobo1238,,gaw,,,,
nomu,Nomu,nomu1240,,noh,,,,
north-barai,Barai (North Dialect),nucl1630,,bbb,,,,
northeast-kiwai-arigibi,Northeast Kiwai (Arigibi Dialect),arig1248,,kiw,,,,
northeast-kiwai-gibaio,Northeast Kiwai (Gibaio Dialect),giba1246,,kiw,,,,
northeast-kiwai-gope,Northeast Kiwai (Gope Dialect),kope1239,,kiw,,,,
northeast-kiwai-urama,Northeast Kiwai (Urama Dialect),uram1241,,kiw,,,,
nuk,Nuk,nukk1240,,noc,,,,
nuk-tamben,Nuk (Tamben Dialect),nukk1240,,noc,,,,
nuk-tunam,Nuk (Tunam Dialect),nukk1240,,noc,,,,
nukna,Nukna,nukn1238,,klt,,,,
nukna-hamelengan,Nukna (Hamelengan Dialect),nukn1238,,klt,,,,
numanggang,Numanggang,numa1254,,nop,,,,
numanggang-kawalang,Numanggang (Kawalang Dialect),numa1254,,nop,,,,
numanggang-tumung,Numanggang (Tumung Dialect),numa1254,,nop,,,,
obokuitai,Obokuitai,obok1239,,afz,,,,
odiai,Odiai,odia1239,,bhf,,,,
odoodee-hesif,Odoodee (Hesif Dialect),odoo1238,,kkc,,,,
odoodee-kalamo,Odoodee (Kalamo Dialect),odoo1238,,kkc,,,,
ogea,Ogea,ogea1238,,eri,,,,
oirata,Oirata,oira1263,,oia,,,,
oksapmin-lower,Oksapmin (Lower Dialect),oksa1245,,opm,,,,
oksapmin-upper,Oksapmin (Upper Dialect),oksa1245,,opm,,,,
olo,Olo,oloo1241,,ong,,,,
omati,Omati,mouw1234,,jmw,,,,
omie,Ömie,omie1241,,aom,,,,
onabasulu,Onabasulu,onob1238,,onn,,,,
one-inebu,"One, Inebu",ineb1235,,oin,,,,
onin,Onin,onin1245,,oni,,,,
ono,Ono,onoo1246,,ons,,,,
ono-karako,Ono (Karako Dialect),onoo1246,,ons,,,,
ono-kip,Ono (Kip Dialect),onoo1246,,ons,,,,
ono-zankoa,Ono (Zankoa Dialect),onoo1246,,ons,,,,
opao,Opao,opao1240,,opo,,,,
ormu,Ormu,ormu1248,,orz,,,,
orokaiva,Orokaiva,orok1269,,okv,,,,
orokaiva-dobuduru,Orokaiva (Dobuduru Dialect),orok1269,,okv,,,,
orokaiva-jegarata-kakendetta,Orokaiva (Jegarata-Kakendetta Dialect),orok1269,,okv,,,,
orokaiva-jegasa-sarau,Orokaiva (Jegasa-Sarau Dialect),orok1269,,okv,,,,
orokaiva-kendata,Orokaiva (Kendata Dialect),orok1269,,okv,,,,
orokaiva-para-harava,Orokaiva (Para Harava Dialect),orok1269,,okv,,,,
orokaiva-sairope,Orokaiva (Sairope Dialect),orok1269,,okv,,,,
orokaiva-sose,Orokaiva (Sose Dialect),orok1269,,okv,,,,
orokolo,Orokolo,orok1267,,oro,,,,
orokolo-kaipi,Orokolo (Kaipi Dialect),orok1267,,oro,,,,
orya,Orya,orya1242,,ury,,,,
oukena,Yegha (Oukena Dialect),kora1294,,kpr,,,,
owiniga,Owiniga,owin1240,,owi,,,,
pahi,Pahi,pahi1246,,lgt,,,,
pal,Pal,pall1244,,abw,,,,
pamosu,Pamosu,pamo1253,,hih,,,,
panim,Panim,pani1258,,pnr,,,,
papasena,Papasena,papa1269,,pas,,,,
papi,Papi,papi1255,,ppe,,,,
papuma,Papuma,papu1251,,ppm,,,,
parawen,Parawen,para1307,,prw,,,,
parb,Nambu (Parb Dialect),namb1293,,ncm,,,,
pare,Pare,pare1271,,ppt,,,,
pawaia,Pawaia,pawa1255,,pwa,,,,
paynamar,Paynamar,payn1244,,pmr,,,,
pinai-hagahai,Pinai-Hagahai,pina1252,,pnn,,,,
pinai-hagahai-wakadadap,Pinai-Hagahai (Wakadadap Dialect),pina1252,,pnn,,,,
pom,Pom,pomm1237,,pmo,,,,
pouye,Pouye,pouy1238,,bye,,,,
proto-awyu,Proto-Awyu,grea1275,,,,,,
proto-awyu-dumut,Proto-Awyu-Dumut,awyu1263,,,,,,
proto-baraic,Proto-Baraic,bara1376,,,,,,
proto-baruga,Proto-Baruga,baru1269,,bjz,,,,
proto-binandere,Proto-Binandere,bina1279,,,,,,
proto-central-sogeram,Proto-Central-Sogeram,cent2257,,,,,,
proto-central-tariku,Proto-Central-Tariku,cent2110,,,,,,
proto-chimbu-wahgi,Proto-Chimbu-Wahgi,cent2120,,,,,,
proto-coastal-binandere,Proto-Coastal-Binandere,coas1297,,,,,,
proto-croisilles,Proto-Croisilles,croi1234,,,,,,
proto-doromu,Proto-Doromu,doro1266,,,,,,
proto-dumut,Proto-Dumut,dumu1247,,,,,,
proto-east-eleman,Proto-East-Eleman,east2494,,,,,,
proto-east-tariku,Proto-East-Tariku,east2502,,,,,,
proto-eastern,Proto-Eastern,kain1274,,,,,,
proto-eastern-central,Proto-Eastern-Central,goro1272,,,,,,
proto-eastern-sogeram,Proto-Eastern-Sogeram,east2767,,,,,,
proto-eleman,Proto-Eleman,nucl1580,,,,,,
proto-eleman-koriki,Proto-Eleman-Koriki,,,,,,,
proto-engan,Proto-Engan,enga1251,,,,,,
proto-far-west,Proto-Far West,farw1236,,,,,,
proto-finisterre-huon,Proto-Finisterre-Huon,fini1244,,,,,,
proto-goroka,Proto-Goroka,goro1272,,,,,,
proto-isumrud,Proto-Isumrud,,,,,,,
proto-kainantu,Proto-Kainantu,kain1274,,,,,,
proto-kainantu-goroka,Proto-Kainantu-Goroka,kain1273,,,,,,
proto-kaukombar,Proto-Kaukombar,kauk1240,,,,,,
proto-koiarian,Proto-Koiarian,koia1260,,,,,,
proto-koiraric,Proto-Koiariac,koia1261,,,,,,
proto-korak-waskia,Proto-Korak-Waskia,kowa1247,,,,,,
proto-kumil,Proto-Kumil,kumi1249,,,,,,
proto-kwalean,Proto-Kwalean,kwal1257,,,,,,
proto-lakes-plain,Proto-Lakes-Plain,lake1255,,,,,,
proto-lower-sepik,Proto-Lower-Sepik,lowe1437,,,,,,
proto-mabuso,Proto-Mabuso,mabu1247,,,,,,
proto-madang,Proto-Madang,mada1298,,,,,,
proto-manubaran,Proto-Manubaran,manu1261,,,,,,
proto-maria,Proto-Maria,mari1439,,,,,,
proto-ndu,Proto-Ndu,nduu1242,,,,,,
proto-north-adelbert,Proto-North-Adelbert,,,,,,,
proto-north-binandere,Proto-North-Binandere,nort2909,,,,,,
proto-nuclear-binandere,Proto-Nuclear-Binandere,nucl1603,,,,,,
proto-numugen,Proto-Numugen,numu1240,,,,,,
proto-oceanic,Proto-Oceanic,ocea1241,,,,,,
proto-ok-oksapmin,Proto-Ok-Oksapmin,okok1235,,,,,,
proto-orokaiva,Proto-Orokaiva,orok1269,,okv,,,,
proto-pihom,Proto-Pihom,,,,,,,
proto-rai-coast,Proto-Rai-Coast,raic1241,,,,,,
proto-sogeram,Proto-Sogeram,soge1235,,,,,,
proto-south-adelbert,Proto-South-Adelbert,sout3148,,,,,,
proto-south-binandere,Proto-South-Binandere,sout2934,,,,,,
proto-sub-rai,Proto-Sub-Rai,,,,,,,
proto-tariku,Proto-Tariku,tari1255,,,,,,
proto-tibor-omosa,Proto-Tibor-Omosa,numu1240,,,,,,
proto-trans-new-guinea,Proto-Trans-New-Guinea,nucl1709,,,,,,
proto-wag,Proto-Watam-Awar-Gamay,wagg1235,,,,,,
proto-west-eleman,Proto-West-Eleman,west2573,,,,,,
proto-west-tariku,Proto-West-Tariku,west2582,,,,,,
proto-western-sogeram,Proto-Western-Sogeram,atan1241,,,,,,
pulabu,Pulabu,pula1267,,pup,,,,
puragi,Puragi,pura1253,,pru,,,,
purari,Purari,pura1257,,iar,,,,
pyu,Pyu,pyuu1245,,pby,,,,
qaget,Qaget,qaqe1238,,byx,,,,
rabade,Korafe (Rabade Dialect),kora1294,,kpr,,,,
rao,Rao,raoo1244,,rao,,,,
rapting,Rapting,rapt1240,,rpt,,,,
rasawa,Rasawa,rasa1243,,rac,,,,
rawa,Rawa,rawa1267,,rwo,,,,
rempi,Rempi,remp1241,,rmp,,,,
rerau,Rerau,rera1240,,rea,,,,
riantana,Riantana,rian1263,,ran,,,,
roon,Roon,roon1237,,rnn,,,,
rumu,Rumu,rumu1243,,klq,,,,
saep,Saep,saep1240,,spd,,,,
safeyoka,Safeyoka,safe1240,,apz,,,,
sahu,Sahu,sahu1245,,saj,,,,
sam,Sam,samm1244,,snx,,,,
sam-buan,Sam (Buan Dialect),samm1244,,snx,,,,
sam-songum,Sam (Songum Dialect),samm1244,,snx,,,,
sam-wongbe,Sam (Wongbe Dialect),samm1244,,snx,,,,
samarokena,Samarokena,sama1240,,tmj,,,,
samberigi,Samberigi,samb1321,,ssx,,,,
samo,Samo,samo1303,,smq,,,,
samosa,Samosa,samo1306,,swm,,,,
saniyo-hiyewe,Saniyo-Hiyewe,sani1270,,sny,,,,
saponi,Saponi,sapo1254,,spi,,,,
saruga,Saruga,saru1243,,sra,,,,
sause,Sause,saus1247,,sao,,,,
sausi,Sausi,saus1246,,ssj,,,,
savosavo,Savosavo,savo1255,,svs,,,,
sawi,Sawi,sawi1257,,saw,,,,
seget,Seget,sege1235,,sbg,,,,
selepet,Selepet,sele1250,,spl,,,,
semimi,Semimi,semi1264,,etz,,,,
sempan,Sempan,semp1241,,xse,,,,
sene,Sene,sene1263,,sej,,,,
sentani,Sentani,nucl1632,,set,,,,
sepoe,Toaripi (Sepoe Dialect),sepo1239,,tqo,,,,
serui-laut,Serui-Laut,seru1244,,seu,,,,
seta,Seta,seta1245,,stf,,,,
setaman-baktamin,Setaman (Baktamin Dialect),seta1246,,stm,,,,
setaman-ngisokabip,Setaman (Ngisokabip Dialect),seta1246,,stm,,,,
setaman-seltamin,Setaman (Seltamin Dialect),seta1246,,stm,,,,
seti,Seti,seti1248,,sbi,,,,
sialum,Sialum,sial1240,,slw,,,,
siane,Siane,sian1257,,snp,,,,
siane-kovena,Siane (Kovena Dialect),sian1257,,snp,,,,
siawi,Siawi,siaw1243,,mmp,,,,
sihan,Sihan,siha1245,,snr,,,,
sikaritai,Sikaritai,sika1263,,tty,,,,
sileibi,Sileibi,sile1255,,sbq,,,,
silimo,Silimo,sili1249,,,,,,
silimo-south-ngalik,Silimo (South Ngalik Dialect),sili1249,,wul,,,,
siliput,Siliput,sili1247,,mkc,,,,
silopi,Silopi,silo1240,,xsp,,,,
simbari,Simbari,simb1255,,smb,,,,
sinagen,Sinagen,sina1269,,siu,,,,
sinaugoro,Sinaugoro,sina1266,,snc,,,,
sindamon,Yau (Sindamon Dialect),yaum1237,,yuw,,,,
sinsauru,Sinsauru,sins1241,,snz,,,,
siroi,Siroi,siro1249,,ssd,,,,
sirva,Sirva,sile1255,,,,,,
skou,Skou,nucl1634,,skv,,,,
sobei,Sobei,sobe1238,,sob,,,,
som,Som,somm1240,,smc,,,,
sonia,Sonia,soni1260,,siq,,,,
sop,Sop,sopp1247,,urw,,,,
south-barai,Barai (South Dialect),nucl1630,,bbb,,,,
southern-kiwai,Southern Kiwai,sout2950,,kjd,,,,
sowanda,Sowanda,sowa1245,,sow,,,,
sowari,Sowari,demt1241,,dmy,,,,
suabo,Suabo,suab1238,,szp,,,,
suena,Suena,suen1241,,sue,,,,
suena-yema-yarawe,Suena (Yema-Yarawe Dialect),suen1241,,sue,,,,
suki,Suki,suki1245,,sui,,,,
sumau,Sumau,suma1270,,six,,,,
tabo,Tabo,tabo1241,,knv,,,,
tabriak,Tabriak,tabr1243,,tzx,,,,
taikat,Taikat,taik1255,,aos,,,,
tainae,Tainae,tain1253,,ago,,,,
tairora-north,"Tairora, North",nort2920,,tbg,,,,
tairora-south,"Tairora, South",sout2943,,omw,,,,
tairuma,Tairuma,tair1256,,uar,,,,
tamagario,Tamagario,tama1336,,tcg,,,,
tanahmerah,Tanahmerah,tana1288,,tcm,,,,
tandia,Tandia,tand1253,,tni,,,,
tanggu,Tanggu,tang1355,,tgu,,,,
tangko,Tangko,tang1353,,tkx,,,,
tarpia,Tarpia,tarp1240,,tpf,,,,
tauade,Tauade,taua1242,,ttd,,,,
taulil,Taulil,taul1251,,tuh,,,,
tause,Tause,taus1252,,tad,,,,
tause-deirate,Tause (Deirate Dialect),deir1239,,tad,,,,
tause-weirate,Tause (Weirate Dialect),weir1238,,tad,,,,
tauya,Tauya,tauy1241,,tya,,,,
tebera,Tebera,tebe1252,,ppo,,,,
tebi,Tebi,dubu1240,,dmu,,,,
tehit,Tehit,tehi1237,,kps,,,,
teiwa-deing,Teiwa (Deing Dialect),dein1238,,twe,,,,
teiwa-lebang,Teiwa (Lebang Dialect),leba1239,,twe,,,,
teiwa-madar,Teiwa (Madar Dialect),mada1286,,twe,,,,
teiwa-sargang,Teiwa (Sargang Dialect),teiw1235,,twe,,,,
telefol,Telefol,tele1256,,tlf,,,,
tidore,Tidore,tido1248,,tvo,,,,
tifal,Tifal,tifa1245,,tif,,,,
timbe,Timbe,timb1251,,tim,,,,
toaripi,Toaripi,toar1246,,tqo,,,,
tobati,Tobati,toba1266,,tti,,,,
tobo,Tobo,tobo1251,,tbv,,,,
tofanma,Tofanma,tofa1246,,tlg,,,,
tok-pisin,Tok Pisin,tokp1240,,tpi,,,,
tokano,Tokano,toka1244,,zuh,,,,
torricelli,Torricelli,torr1259,,tei,,,,
towei,Towei,towe1240,,ttn,,,,
tsaukambo,Tsaukambo,tsak1250,,kvz,,,,
tunggare,Tunggare,tung1293,,trt,,,,
tureture,Southern Kiwai (Tureture Dialect),sout2949,,kjd,,,,
uare,Uare,uare1241,,ksj,,,,
ufim,Ufim,ufim1240,,ufi,,,,
ukuriguma,Ukuriguma,ukur1240,,ukg,,,,
una,Una,unaa1239,,mtg,,,,
ura,Ura,urap1240,,uro,,,,
urat,Urat,urat1244,,urt,,,,
uri,Uri,urii1240,,uvh,,,,
uri-siara,Uri (Siara Dialect),urii1240,,uvh,,,,
uri-sintogoro,Uri (Sintogoro Dialect),urii1240,,uvh,,,,
urigina,Urigina,urig1240,,urg,,,,
urim,Urim,urim1252,,uri,,,,
uruangnirin,Uruangnirin,urua1244,,urn,,,,
usan,Usan,usan1239,,wnu,,,,
usku,Usku,usku1243,,ulf,,,,
utarmbung,Utarmbung,utar1238,,omo,,,,
utu,Utu,utuu1240,,utu,,,,
uya,Uya,uyaa1238,,usu,,,,
uyajitaya,Uyajitaya,dudu1240,,duk,,,,
uyajitaya-didiwala,Uyajitaya (Didiwala Dialect),dudu1240,,duk,,,,
uyajitaya-gisi,Uyajitaya (Gisi Dialect),dudu1240,,duk,,,,
uyajitaya-palipa,Uyajitaya (Palipa Dialect),dudu1240,,duk,,,,
uyajitaya-subalulu,Uyajitaya (Subalulu Dialect),dudu1240,,duk,,,,
uyajitaya-udibai,Uyajitaya (Udibai Dialect),dudu1240,,duk,,,,
uyajitaya-uya,Uyajitaya (Uya Dialect),dudu1240,,duk,,,,
viid,Viid,seng1285,,snu,,,,
wabo,Wabo,wabo1240,,wbb,,,,
waboda,Waboda,wabo1241,,kmx,,,,
wadaginam,Wadaginam,wada1263,,wdg,,,,
wagi,Wagi,wagi1249,,fad,,,,
wagi-foran,Wagi (Foran Dialect),wagi1249,,fad,,,,
wagi-kamba,Wagi (Kamba Dialect),wagi1249,,fad,,,,
wagi-kauris,Wagi (Kauris Dialect),wagi1249,,fad,,,,
wagi-mis,Wagi (Mis Dialect),wagi1249,,fad,,,,
wagi-silibob,Wagi (Silibob Dialect),wagi1249,,fad,,,,
walak,Walak,wala1269,,wlw,,,,
walio,Walio,nucl1453,,wla,,,,
wamas,Wamas,wama1247,,wmc,,,,
wambon,Wambon,wamb1259,,wms,,,,
wamora,Kâte (Wâmora Dialect),wamo1241,,kmg,,,,
wanambre,Wanambre,wana1269,,wnb,,,,
wanap,Wanap,wana1268,,wnp,,,,
wandamen,Wandamen,wand1267,,wad,,,,
wanggom,Wanggom,wang1299,,wng,,,,
wantoat,Wantoat,want1252,,wnc,,,,
wantoat-bam,Wantoat (Bam Dialect),bamm1240,,wnc,,,,
wantoat-leron,Wantoat (Leron Dialect),wapu1240,,wnc,,,,
wantoat-saseng,Wantoat (Saseng Dialect),want1252,,wnc,,,,
wantoat-yagawak,Wantoat (Yagawak Dialect),yaga1259,,wnc,,,,
warembori,Warembori,ware1253,,wsa,,,,
waris,Waris,wari1266,,wrs,,,,
waritai,Waritai,wari1264,,wbe,,,,
warkay-bipim,Warkay-Bipim,wark1247,,bgv,,,,
waropen,Waropen,waro1242,,wrp,,,,
waskia,Waskia,wask1241,,wsk,,,,
watiwa,Watiwa,dump1243,,wtf,,,,
waube,Waube,kwat1244,,kop,,,,
wemo,Kâte (Wemo Dialect),wemo1239,,kmg,,,,
wersing,Wersing,wers1238,,kvw,,,,
west-kewa,West Kewa,west2599,,kew,,,,
west-makian,West Makian,west2600,,mqs,,,,
western-pantar-biangwala,Western Pantar (Biangwala Dialect),bian1250,,lev,,,,
western-pantar-kalondama,Western Pantar (Kalondama Dialect),kalo1261,,lev,,,,
western-pantar-mauta-tubal,Western Pantar (Mauta Tubal Dialect),tuba1277,,lev,,,,
wipi-abam,Wipi (Abam Dialect),abam1239,,gdr,,,,
wipi-dorogori,Wipi (Dorogori Dialect),doro1265,,gdr,,,,
wipi-gamaewe,Wipi (Gamaewe Dialect),gama1253,,gdr,,,,
wipi-guiam,Wipi (Guiam Dialect),guia1241,,gdr,,,,
wipi-iamega,Wipi (Iamega Dialect),iame1239,,gdr,,,,
wipi-kapal,Wipi (Kapal Dialect),kapa1255,,gdr,,,,
wipi-kuru,Wipi (Kuru Dialect),kuru1307,,gdr,,,,
wipi-peawa,Wipi (Peawa Dialect),peaw1239,,gdr,,,,
wipi-podari,Wipi (Podari Dialect),poda1239,,gdr,,,,
wipi-ume,Wipi (Ume Dialect),umee1243,,gdr,,,,
wipi-wipim,Wipi (Wipim Dialect),wipi1243,,gdr,,,,
wipi-wonie,Wipi (Wonie Dialect),woni1239,,gdr,,,,
wipi-yuta,Wipi (Yuta Dialect),yuta1239,,gdr,,,,
wipi-zim,Wipi (Zim Dialect),wipi1242,,gdr,,,,
wiru,Wiru,wiru1244,,wiu,,,,
wiyaw,Haruai (Wiyaw Dialect),haru1245,,tmd,,,,
wogamusin,Wogamusin,woga1249,,wog,,,,
woi,Woi,woii1237,,wbw,,,,
wolani,Wolani,wola1243,,wod,,,,
wolani-upper-mbijandoga,Wolani (Upper Mbijandoga Dialect),wola1243,,wod,,,,
worin,Yau (Worin Dialect),yaum1237,,yuw,,,,
wutung,Wutung,wutu1244,,wut,,,,
yaben,Yaben,yabe1255,,ybm,,,,
yabong,Yabong,yabo1240,,ybo,,,,
yagaria,Yagaria,yaga1260,,ygr,,,,
yagaria-hira,Yagaria (Hira Dialect),hira1246,,ygr,,,,
yagwoia,Yagwoia,yagw1240,,ygw,,,,
yahadian,Yahadian,yaha1248,,ner,,,,
yahang,Yahang,yaha1247,,rhp,,,,
yale-korsarek,"Yale, Korsarek",kosa1249,,kkl,,,,
yali-angguruk,"Yali, Angguruk",angg1239,,yli,,,,
yali-pass-valley,"Yali, Pass Valley",pass1247,,yac,,,,
yangulam,Yangulam,yang1298,,ynl,,,,
yangum-mon,Yangum Mon,yang1296,,ymo,,,,
yaqay,Yaqay,yaqa1246,,jaq,,,,
yaqay-kogo,Yaqay (Kogo Dialect),yaqa1246,,jaq,,,,
yaqay-kotup,Yaqay (Kotup Dialect),yaqa1246,,jaq,,,,
yaqay-rayam,Yaqay (Rayam Dialect),yaqa1246,,jaq,,,,
yaqay-wairu,Yaqay (Wairu Dialect),yaqa1246,,jaq,,,,
yaqay-wanggate,Yaqay (Wanggate Dialect),yaqa1246,,jaq,,,,
yarawata,Yarawata,yara1250,,yrw,,,,
yau,Yau,yaus1235,,yyu,,,,
yaur,Yaur,yaur1239,,jau,,,,
yawa,Yawa,nucl1454,,yva,,,,
yawan,Yau (Yawan Dialect),yaum1237,,yuw,,,,
yaweyuha,Yaweyuha,yawe1241,,yby,,,,
yawiyo-wosawari,Yawiyo (Wosawari Dialect),yawi1238,,ybx,,,,
yega,Yegha (Yega Dialect),kora1294,,kpr,,,,
yei,Yei,yeii1239,,jei,,,,
yekora,Yekora,yeko1240,,ykr,,,,
yelmek,Yelmek,yelm1242,,jel,,,,
yenimu,"Awyu, South (Yenimu Dialect)",sout2941,,aws,,,,
yeresiam,Yeresiam,ires1239,,ire,,,,
yeretuar,Yeretuar,yere1243,,gop,,,,
yessan-mayo,Yessan-Mayo,yess1239,,yss,,,,
yessan-mayo-warasai,Yessan-Mayo (Warasai Dialect),yess1239,,yss,,,,
yetfa,Yetfa,yetf1238,,yet,,,,
yil,Yil,yill1241,,yll,,,,
yimas,Yimas,yima1243,,yee,,,,
yis,Yis,yiss1240,,yis,,,,
yoidik,Yoidik,yoid1240,,ydk,,,,
yoke,Yoke,yoke1238,,yki,,,,
yongkom,Yongkom,yong1280,,yon,,,,
yopno-kewieng,Yopno (Kewieng Dialect),kewi1240,,yut,,,,
yopno-nokopo,Yopno (Nokopo Dialect),noko1240,,yut,,,,
zia,Zia,ziaa1250,,zia,,,,
zia-mawai,Zia (Mawai Dialect),mawa1265,,zia,,,,
zimakani,Zimakani,zima1244,,zik,,,,
zimakani-begua,Zimakani (Begua Dialect),bagw1238,,zik,,,,
zimakani-south-boazi,Zimakani (South Boazi Dialect),zima1244,,zik,,,,
zorop,Zorop,yafi1240,,wfg,,,,
